{
  "rho_dc": -0.14,
  "loglik": -104356.69213831374,
  "grid_min": -0.2,
  "grid_max": 0.2,
  "grid_step": 0.0050000000000000044,
  "n_matches": 37372
}