{
  "xg_low": 2.296450227499008,
  "xg_high": 3.0901762694120407,
  "xg_wild": 3.5234534740448,
  "o25_high": 0.5880007647195471,
  "o35_wild": 0.42177710804187163,
  "u25_low": 0.5990343918170623
}