{
  "p1_dom": 0.5789546559443236,
  "p2_dom": 0.44810827449826884,
  "px_draw": 0.31234102764588945,
  "lambda_diff": 1.0321078896522522
}