{"alpha":0.3,"w_elo":0.3,"w_pts":0.1,"w_gf":0.05,"w_ga":0.05,"logloss":1.1838204314,"brier":0.1995456145}