{
  "global": {
    "BET_DC_OPPOSITE": {
      "n": 19100,
      "wins": 10904,
      "win_rate": 0.570890052356021
    },
    "BET_UNDER_1_5_FAV": {
      "n": 19100,
      "wins": 11307,
      "win_rate": 0.5919895287958116
    },
    "BET_UNDER25": {
      "n": 20330,
      "wins": 10994,
      "win_rate": 0.5407771765863256
    },
    "BET_DC_FAV": {
      "n": 17393,
      "wins": 14535,
      "win_rate": 0.8356810211004427
    },
    "BET_FAV_OVER_0_5": {
      "n": 17393,
      "wins": 15158,
      "win_rate": 0.8715000287471971
    },
    "BET_FAV_1_3": {
      "n": 14261,
      "wins": 10428,
      "win_rate": 0.7312250192833603
    },
    "BET_FAV_1_4": {
      "n": 9999,
      "wins": 8164,
      "win_rate": 0.8164816481648165
    },
    "BET_FAV_1_5": {
      "n": 5834,
      "wins": 5049,
      "win_rate": 0.8654439492629413
    },
    "BET_OVER15": {
      "n": 13873,
      "wins": 11205,
      "win_rate": 0.807683990485115
    },
    "BET_OVER25": {
      "n": 11753,
      "wins": 7024,
      "win_rate": 0.5976346464732408
    },
    "BET_UNDER15": {
      "n": 5071,
      "wins": 1622,
      "win_rate": 0.3198580161703806
    },
    "BET_1": {
      "n": 2553,
      "wins": 2077,
      "win_rate": 0.8135526831179005
    },
    "BET_FAV_SEGNA": {
      "n": 683,
      "wins": 642,
      "win_rate": 0.9399707174231332
    }
  },
  "by_rule": {
    "FAVORITE_PROFILE_SIGNAL": {
      "BET_DC_OPPOSITE": {
        "n": 19100,
        "wins": 10904,
        "win_rate": 0.570890052356021
      },
      "BET_UNDER_1_5_FAV": {
        "n": 19100,
        "wins": 11307,
        "win_rate": 0.5919895287958116
      },
      "BET_DC_FAV": {
        "n": 17393,
        "wins": 14535,
        "win_rate": 0.8356810211004427
      },
      "BET_FAV_OVER_0_5": {
        "n": 17393,
        "wins": 15158,
        "win_rate": 0.8715000287471971
      },
      "BET_FAV_1_3": {
        "n": 14261,
        "wins": 10428,
        "win_rate": 0.7312250192833603
      },
      "BET_FAV_1_4": {
        "n": 9999,
        "wins": 8164,
        "win_rate": 0.8164816481648165
      },
      "BET_FAV_1_5": {
        "n": 5834,
        "wins": 5049,
        "win_rate": 0.8654439492629413
      },
      "BET_1": {
        "n": 2553,
        "wins": 2077,
        "win_rate": 0.8135526831179005
      },
      "BET_FAV_SEGNA": {
        "n": 683,
        "wins": 642,
        "win_rate": 0.9399707174231332
      }
    },
    "OVER_UNDER_SIGNAL": {
      "BET_UNDER25": {
        "n": 20330,
        "wins": 10994,
        "win_rate": 0.5407771765863256
      },
      "BET_OVER15": {
        "n": 13873,
        "wins": 11205,
        "win_rate": 0.807683990485115
      },
      "BET_OVER25": {
        "n": 11753,
        "wins": 7024,
        "win_rate": 0.5976346464732408
      },
      "BET_UNDER15": {
        "n": 5071,
        "wins": 1622,
        "win_rate": 0.3198580161703806
      }
    }
  },
  "meta": {
    "n_matches": 36888
  }
}