{
  "global": {
    "win_rate_home": 0.43066910499139416,
    "win_rate_draw": 0.25984294320137696,
    "win_rate_away": 0.30948795180722893,
    "avg_goals_home": 1.4992200946643717,
    "avg_goals_away": 1.2248547762478486,
    "avg_total_goals": 2.7240748709122204
  },
  "favorite": {
    "0.40_0.45": {
      "n": 7830,
      "win_rate_fav": 0.43039591315453385,
      "avg_ev_home": -0.018891601540946032,
      "avg_ev_draw": 0.07054568256249634,
      "avg_ev_away": -0.04582348896964745
    },
    "0.45_0.50": {
      "n": 5967,
      "win_rate_fav": 0.477124183006536,
      "avg_ev_home": -0.02626391062776296,
      "avg_ev_draw": 0.06274092458057613,
      "avg_ev_away": -0.04814353697809902
    },
    "0.50_0.55": {
      "n": 4556,
      "win_rate_fav": 0.5381913959613697,
      "avg_ev_home": 0.0005040088547241993,
      "avg_ev_draw": 0.0095668480545063,
      "avg_ev_away": -0.03338559562547984
    },
    "0.55_0.60": {
      "n": 3580,
      "win_rate_fav": 0.6008379888268156,
      "avg_ev_home": 0.010928456039277444,
      "avg_ev_draw": -0.03937606850200648,
      "avg_ev_away": -0.029399226478267832
    },
    "0.60_0.65": {
      "n": 2406,
      "win_rate_fav": 0.6442227763923525,
      "avg_ev_home": -0.002180367402672504,
      "avg_ev_draw": -0.07668433250962577,
      "avg_ev_away": 0.0052231790996589015
    },
    "0.65_0.70": {
      "n": 1902,
      "win_rate_fav": 0.7218717139852786,
      "avg_ev_home": 0.03143747560430615,
      "avg_ev_draw": -0.10231391244222648,
      "avg_ev_away": -0.09028720168983947
    },
    "0.70_0.80": {
      "n": 2290,
      "win_rate_fav": 0.777292576419214,
      "avg_ev_home": -0.0089182770275037,
      "avg_ev_draw": -0.07408767854245835,
      "avg_ev_away": -0.09648331036859968
    },
    "0.80_1.00": {
      "n": 785,
      "win_rate_fav": 0.8878980891719745,
      "avg_ev_home": 0.040498842720340426,
      "avg_ev_draw": -0.1617244028520395,
      "avg_ev_away": -0.15502168586572004
    },
    "other": {
      "n": 7868,
      "win_rate_fav": 0.37163192679206913,
      "avg_ev_home": -0.052790704742162325,
      "avg_ev_draw": 0.05348804453632598,
      "avg_ev_away": 0.008353435288583476
    }
  },
  "ou": {
    "over25_rate": 0.5143072289156626,
    "over15_rate": 0.7545718588640276,
    "over35_rate": 0.29410499139414803,
    "under25_rate": 0.48569277108433734
  },
  "cluster": {
    "0": {
      "n": 5133,
      "home_rate": 0.24352230664328853,
      "draw_rate": 0.2610559127216053,
      "away_rate": 0.49542178063510617,
      "avg_total_goals": 2.724527566725112
    },
    "1": {
      "n": 6702,
      "home_rate": 0.6020590868397493,
      "draw_rate": 0.22754401671142943,
      "away_rate": 0.17039689644882125,
      "avg_total_goals": 2.863921217547001
    },
    "2": {
      "n": 2885,
      "home_rate": 0.7844020797227036,
      "draw_rate": 0.14800693240901214,
      "away_rate": 0.06759098786828423,
      "avg_total_goals": 3.3736568457538993
    },
    "3": {
      "n": 10489,
      "home_rate": 0.44475164458003624,
      "draw_rate": 0.29020879016112117,
      "away_rate": 0.2650395652588426,
      "avg_total_goals": 2.570693107064544
    },
    "4": {
      "n": 2092,
      "home_rate": 0.11567877629063097,
      "draw_rate": 0.17925430210325047,
      "away_rate": 0.7050669216061185,
      "avg_total_goals": 3.0917782026768643
    },
    "5": {
      "n": 9883,
      "home_rate": 0.36011332591318423,
      "draw_rate": 0.29859354447030256,
      "away_rate": 0.3412931296165132,
      "avg_total_goals": 2.5243347161792977
    }
  }
}