{
  "MG_HOME_1_3": {
    "tau": 0.5,
    "accuracy": 0.7341105678826626,
    "n": 2659
  },
  "MG_HOME_1_4": {
    "tau": 0.51,
    "accuracy": 0.8307634449040993,
    "n": 2659
  },
  "MG_HOME_1_5": {
    "tau": 0.51,
    "accuracy": 0.8732606242948476,
    "n": 2659
  },
  "MG_AWAY_1_3": {
    "tau": 0.51,
    "accuracy": 0.7433056325023084,
    "n": 1083
  },
  "MG_AWAY_1_4": {
    "tau": 0.59,
    "accuracy": 0.827331486611265,
    "n": 1083
  },
  "MG_AWAY_1_5": {
    "tau": 0.61,
    "accuracy": 0.8725761772853186,
    "n": 1083
  }
}