{
  "MG_HOME_1_3": {
    "tau": 0.51,
    "accuracy": 0.7045994385661845
  },
  "MG_HOME_1_4": {
    "tau": 0.52,
    "accuracy": 0.7537248974303606
  },
  "MG_HOME_1_5": {
    "tau": 0.52,
    "accuracy": 0.7718635283955949
  },
  "MG_AWAY_1_3": {
    "tau": 0.51,
    "accuracy": 0.6657309436406823
  },
  "MG_AWAY_1_4": {
    "tau": 0.5,
    "accuracy": 0.6934787302958324
  },
  "MG_AWAY_1_5": {
    "tau": 0.5,
    "accuracy": 0.703951630317426
  }
}