{
  "MG_HOME_1_3": {
    "tau": 0.5,
    "accuracy": 0.6882286573899963,
    "n": 2659
  },
  "MG_HOME_1_4": {
    "tau": 0.5,
    "accuracy": 0.8198570891312523,
    "n": 2659
  },
  "MG_HOME_1_5": {
    "tau": 0.5,
    "accuracy": 0.867619405791651,
    "n": 2659
  },
  "MG_AWAY_1_3": {
    "tau": 0.53,
    "accuracy": 0.7276084949215144,
    "n": 1083
  },
  "MG_AWAY_1_4": {
    "tau": 0.5,
    "accuracy": 0.8153277931671283,
    "n": 1083
  },
  "MG_AWAY_1_5": {
    "tau": 0.5,
    "accuracy": 0.8624192059095106,
    "n": 1083
  }
}